[
  {
    "folio_uuid": "0cab0757-27f8-4115-86a1-cc9689a4e711",
    "volume_number": 211,
    "folio_number": 286,
    "side": "b",
    "content": "༄། །འཕགས་པ་ཀླུ་སྒྲུབ་ཀྱི་ཞལ་སྔ་ནས་མཛད་པའི་ངག་ཟབ་མོ་བཞུགས། །\n༄༅༅། །སྲིད་པ་གསུམ་གྱི་བླ་མ་ལ་ཕྱག་འཚལ་ལོ། །འཕགས་པ་ཀླུ་སྒྲུབ་ཞལ་སྔ་ནས། །བཀོད་པར་གྱུར་པ་རྩ་བའི་མཛོད། །སེམས་ཅན་ཀུན་ལ་རྗེས་བརྩེ་བས། །བདག་གིས་རབ་ཏུ་བརྗོད་པར་བྱ། །ཀ་ན་ཀ་པཉྩ་དྒི་བླངས་ནས་ཨ་ལམ་བུ་ཥ་\nདང་། ཆང་གི་ས་བོན་དང་། །སྒེའུ་གཤེར་དང་། པི་པི་ལིང་གི་ས་བོན་དང་། འདི་རྣམས་ཀཉྫི་ཀ་དང་བཏགས་ནས་པྲི་ཥ་ཎ་ལ་བྱུགས་ན། ཀུ་ར་ཎྜ་སེལ་བར་བྱེད་དོ། །མ་ཧེའི་མར་སར་དང་ནས་ཀྱི་ཕྱེ་དང་། ནཱ་ག་བ་ལ་དང་། ཤུ་དག་དང་། ཨ་ཏི་བ་ལཱ་དང་།"
  },
  {
    "folio_uuid": "2e61b20a-1ab6-4997-9e2e-0b7014b3dda5",
    "volume_number": 211,
    "folio_number": 287,
    "side": "a",
    "content": "བ་ལཱ་དང་། འདི་དག་ཐམས་ཅད་གཅིག་ཏུ་བྱས་ནས་ཉེད་པར་བྱས་ན་སྦོམ་པོར་བྱེད་པའི་མཆོག་གོ། །གཏུན་ཤིང་ལྟ་བུར་འགྱུར་རོ། །མར་སར་དང་། ཤུ་དག་དང་། རུ་རྟ་དང་། བ་ལཱ་དང་། །ནཱ་ག་བ་ལཱ་རྣམས་ཀྱིས་ནུ་མ་མཆོག་ཏུ་མཉེས་ན་\nདེ་ཡིས་བཱ་མ་པ་ལྟ་བུར་འགྱུར་རོ། །ནམ༔ས་བ་རཱ་ཎཾ་ཧ་རི་དྲ་སྭཱ་ཧཱ། སོ་རྩི་ལ་ལན་བདུན་བསྔགས་པ་བྱས་ནས་གང་ལ་བྱིན་པ་དེ་དབང་དུ་འགྱུར་རོ། །ཚངས་མ་དང་། ཤུ་དག་དང་། བཱ་མ་དང་། པི་པི་ལིང་དང་། སྦྲང་རྩི་དང་། རྒྱམ་ཚ་དང་། སིང་ལྡིང་རྣམས་\nམཚན་མོ་བདུན་གྱི་ཉེ་བར་སྦྱོར་བས་ངག་མི་གསལ་བ་དག་པར་འགྱུར་རོ། །བྱི་དང་གའི་སྙིང་པོ་སྲང་གཅིག །ཨ་རུར་སྲང་གཅིག །བ་རུ་ར་སྲང་གཅིག་དང་། བུ་རམ་སྲང་དྲུག་སྟེ་འདི་དག་མཉམ་པ་ཆུ་དང་བཅས་པ་ཟོས། རླུང་ནད་མ་ལུས་པ་སེལ་བར་\nཐེ་ཚོམ་མེད། ཚངས་པའི་དབྱུག་པ་དང་། ཤུ་དག་དང་། རུ་རྟ་དང་། པྲི་ཡང་ཀུ་དང་། ནཱ་ག་གེ་སར་རྣམས། སོ་རྩི་དང་བཅས་པ་བུད་མེད་ལ་བྱིན་ན་གཞན་གྱིས་དབང་དུ་བྱེད་པར་འགྱུར་རོ། །སྐར་མ་རྒྱལ་ལ་མྱོས་བྱེད་ཀྱི་འབྲས་བུ་བླངས་ཏེ། སྐར་མ་\nསྐག་ལ་ཤུན་པ་དང་། སྐར་མ་མེ་བཞི་ལ་འདབ་མ་དང་། སྐར་མ་ནག་པ་ལ་མེ་ཏོག་དང་། སྐར་མ་སྣྲུབས་ལ་རྩ་བ་རྣམས་བླངས་ཏེ། འདི་རྣམས་ཕྱེ་མར་བྱས་ནས་སྦྲང་དང་ལྷན་ཅིག་རིལ་བུ་བྱས་ཏེ། རས་ཀྱིས་བཅིངས་བ་སན་ཙོ་ ནས་དྲིལ་ཏེ་བརྡུངས་ནས་ཕྱེ་\nམར་བྱས་ཏེ། སོ་རྩི་དང་མཉམ་དུ་གང་ལ་བྱིན་པ་དེ་ཐམས་ཅད་མོད་ལ་དབང་དུ་འགྱུར་རོ། །ཧྲཱིཾ་གྷུཾ་བི་ཀྲྀ་ཏཱ་ན་ན་ཧཱུཾ་ཧཱུཾ་ཕཊ་ཕཊ་སྭཱ་ཧཱ། སྔགས་འདི་འདབ་མ་ལ་བྲིས་ནས་གང་ལ་བྱིན་པ་དེའི་ཉིན་གཅིག་པ་དང་། ཉིན་གཉིས་པ་དང་། ཉིན་གསུམ་པ་དང་།\nརིམས་མི་བཟད་པ་སེལ་བར་བྱེད་དོ། །ན་མོ་རཏྣ་ཏྲ་ཡཱ་ཡ། ནམ་ཨ་རྻཱ་བ་ལོ་ཀི་ཏེ་ཤྭ་རཱ་ཡ། བོ་དྷི་ས་ཏྭ་ཡ། མ་ཏཱ་ས་ཏྭཱ་ཡ། མ་ཧཱ་ཀཱ་རུ་ཎི་ཀཱ་ཡ། ཏརྱ་ཐཱ། ཨོཾ་ཀ་རི་ཀརི། བི་ཀ་རེ་སྟ་མ་བྷ་ནི་བི་ཀ་རེ་སྟ་མ་བྷ་ནི། སརྦ་རོ་ག་པྲ་ཤ་མ་ནི་སྭཱ་ཧཱ། སྔགས་འདི་ལན་"
  },
  {
    "folio_uuid": "657cde60-b085-482a-9a3d-b0c0cd20c8fa",
    "volume_number": 211,
    "folio_number": 287,
    "side": "b",
    "content": "ཉི་ཤུ་རྩ་གཅིག་བཟླས་ཏེ། ཁ་ལ་བྱབས་ཤིང་། གོས་ལ་མདུད་པ་བྱས་ནས་རྒྱལ་པོའི་ཕོ་བྲང་དུ་ཞུགས་ན་རྒྱལ་བོ་ཁྲོས་པ་རབ་ཏུ་དང་བར་འགྱུར་རོ། །བ་ལང་གི་སོ་དང་བྱ་རོག་གི་བྲུན་མཉམ་པར་བཏགས་ཏེ། གང་གི་མགོ་ལ་གཏོར་བ་དེ་ཐམས་ཅད་དབང་དུ་\nའགྱུར་རོ། །ཡུངས་ཀར་དཀར་པོ་དང་། ཤི་བ་ནི་རྨཱ་ལྱ། གང་གི་ཁྱིམ་དུ་བཞག་ན་དེ་སྐྲོད་པར་བྱེད་དོ། །སཱ་ཁོ་ཊ་ཀའི་རྩ་བ་དང་། བ་རུ་རའི་རྩ་བ་གཅིག་ཏུ་བྱས་ནས་གང་གི་ཁྱིམ་དུ་བཞག་ན་དེའི་ཁྱིམ་དུ་རྟག་ཏུ་འཐབ་མོ་འབྱུང་ངོ་། །ལྒ་དང་། པི་པི་ལིང་\nདང་། ཕོབ་རིས་དང་། འཇམ་འབྲས་དང་་། ཡུང་བ་དང་། སྐྱེར་པ་དང་། རྒྱམ་ཚ་དང་། རིའི་བི་ལྦ་དང་། རྒྱ་སྤོས་ཀྱི་རྩ་བ་དང་། སཾ་ཁྱ་ནཱ་བྷི་སྟེ། འདི་དག་ཐམས་ཅད་ཆུ་ལ་བཏགས་ཏེ་མིག་སྨན་བྱས་ན། རབ་རིབ་མ་ལུས་པ་སེལ་བར་བྱེད་དོ།\nཝཱ་ཀུ་ཛི་ཀཱ་བྱི་གང་དང་། རྒྱམ་ཚ་དང་། རའི་འོ་མ་ཆ་མཉམ་པ་བྱས་ནས། བ་ལང་གི་ཆུ་དང་མཉམ་པར་སྤྱར་ཏེ་ཟངས་ཀྱི་སྣོད་དུ་བཞག་ནས། དེ་ལུས་ལ་དྲིལ་ཕྱི་བྱས་ན་མཛེ་ནད་མ་ལུས་པ་སེལ་བར་བྱེད་དོ། །ལྕགས་ཀྱི་ཕྱེ་མ་དང་། མཾ་སཱ་ཀ་ཥྚ་དང་། དེ་\nབཞིན་དུ་སྐྱུར་རུ་རའི་འབྲས་བུ་དང་། ཁུ་བ་སྲང་བཅུ་དང་། ཁུ་བ་དེས་བསྒོས་ནས་ཉི་མ་ལ་བཞག་སྟེ། སླར་ཡང་ཝཱ་གུ་ཛི་ཀཱའི་ཕྱེ་མ་ཞོ་གང་བྱས་ནས་དཀྲུགས་ཏེ། རྒས་པ་འོ་མའི་བཟའ་བ་དང་ལྷན་ཅིག་ཟོས་ན་ཞག་བདུན་གྱིས་མཛེས་ནད་སེལ་བར་བྱེད་དོ། །དེ་ཡང་\nགལ་ཏེ་ལས་ཀྱི་དབང་གིས་ན་མི་འགྲུབ་པོ། །དེ་བཞིན་དུ་སྐྱུ་རུ་ཆ་བཅུ་དང་། བྱི་ཏང་ག་ཆ་ལྔ་དང་། ཨ་རུ་ར་ཆ་བཅུ་དང་། ཙི་ཏྲ་ཀ་ཆ་ལྔ་དང་། ཝཱ་གུ་ཛི་ཆ་བདུན་དང་། ལྕགས་ཕྱེ་ཆ་བརྒྱ་དང། ར་མོ་ཤག་ཆ་དགུ་དང་། ཏིལ་མར་བསྲེས་པ་ཟླ་བ་\nགཅིག་གིས་སྐྲ་དཀར་འཇོམས་སོ། །འདི་ནི་བྱུག་པ་མདོར་བསྡུས་བའོ། །བྱེའུ་ཁཉྩ་རཱི་ཊའི་རུས་པ་དང་། སྦྲུལ་གྱི་མགྲིན་པའི་བགས་པ་དང་། ཤིང་གང་ལ་སྦྱིན་པའི་འདུག་པ་དེ་ཤིང་དེའི་དྲུང་དུ་མཉམ་པར་དོར་རོ། །བྱེའུ་ཁཉྩ་རཱི་ཊའི་ཤ་དང་སྦྲང་རྩི་"
  },
  {
    "folio_uuid": "c737c438-af43-4707-a055-298b6123b594",
    "volume_number": 211,
    "folio_number": 288,
    "side": "a",
    "content": "ལྷན་ཅིག་སྤྱར་ཏེ། པྱ་བའི་དུས་སུ་སྐྱེ་གནས་བྱུགས་ཏེ། བུད་མེད་གང་ལ་སྐྱེས་བུ་མངོན་པར་བསྒྲོད་པར་བྱེད་ན་དེ་དང་པོ་བཞིན་དུ་སྐྱེས་བ་དེའི་བུར་འགྱུར་རོ། །དགོན་པའི་འུག་པ་བཟུང་ནས་དེའི་མིག་དང་པི་པི་ལིང་གིས་བྱུགས་ཏེ།\nདེའི་རྔུལ་ལྷུང་བས་མིག་ལ་མིག་སྨན་བྱས་ན། དེ་སྦས་པ་དེ་མི་མཐོང་ངོ་། །སཱ་པཱི་ཏི་ཏ་བྱཱ་དྷ་ཏྲ་རོ་པཎྣཾ་པྲ་ཡ་ཙྪ་ཏི། ནས་ཀྱི་ཕྱེ་མ་དང་། ཡུང་བའི་ཕྱེ་མ་དང་། བའི་ཆུ་དང་། མར་དང་། སྤོས་དཀར་དང་། ཤིང་མངར་རྣམས་མཉམ་པར་སྦྱར་ཏེ། གདོང་\nལ་དྲིལ་ཕྱི་བྱས་ན། གདོང་པདྨ་ལྟ་བུར་འགྱུར་རོ། །རྐང་པ་དག་པདྨའི་འདབ་མ་ལྟ་བུར་འགྱུར་རོ། །བུད་མེད་ཐམས་ཅད་རྒྱལ་པོའི་ཕོ་བྲང་དུ་མཛེས་ཤིང་སྡུག་པར་འགྱུར་རོ། །ཡང་ཤིང་མངར་དང་བཏགས་ཏེ་རིལ་བུ་སྦྱར་ནས་ཆུའི་བུམ་པར་བཅུག་ན།\nབསིལ་བར་འགྱུར་རོ། །ཨོཾ་མ་ཧཱ་བ་ལི་ཛ་ཡེ་སྭཱ་ཧཱ། གོས་ལ་ཡོངས་སུ་བཟླས་ཏེ་བསྒོས་ན་སྐལ་བ་བཟང་པོར་འགྱུར་རོ། །རིག་པ་འཛིན་པས་སྤྲེའུའི་འཇུག་མ་བླངས་ཏེ་སྦྲང་དང་བཏགས་ནས་ལྟེ་བའི་ཕྱོགས་སུ་བྱུགས་ན་ལིང་ག་གྱེན་དུ་འགྱུར་བར།\nཐེ་ཚོམ་མེད་དོ། །ཏཱུརྦ་དཀར་པོ་དང་། ཤུ་དག་དང་། རུ་རྟ་དང་། པཎྜི་ཏ་ག་རའི་རྩ་བ་དང་། སྲིན་ལག་གི་ཁྲག་རྣམས་མཉམ་པར་སྦྱར་ཏེ། དུར་ཁྲོད་ཀྱི་ཐལ་བ་དང་འདི་དག་སྦྱར་བས་སྐྱེས་པ་དང་བུད་མེད་དབང་དུ་བྱེད་དོ། །ཐང་ཕྲོམ་པ་དང་།\nཤུ་དག་དང་། རུ་རྟ་དང་། ཀཎྜ་ཀ་རི་དང་། ས་ཏཱ་བ་རི་དང་། འདི་དག་ཆ་མཉམ་པར་བྱས་ནས་ཏིལ་མར་གྱིས་སྨིན་པར་བྱས་པའི་ཏིལ་མར་དེས། ལིངྒ་ཉེད་པར་བྱས་ན་སྦོམ་པར་བྱེད་པའི་མཆོག་ཏུ་འགྱུར་རོ། །ལྕེའི་དྲི་མ་དང་། ཤུ་དག་དང་། རུ་\nརྟ་དང་། ནི་རྨ་ལ་ཆ་མཉམ་པར་ཕྱེ་མར་བྱས་ནས་གང་ལ་བྱིན་པ་དེ་དབང་དུ་འགྱུར་རོ། །ཨ་ག་རུ་དང་། གུ་གུལ་དང་། ཤེང་ཤུ་ཥྐ་དང་། ཨུཏྤལ་སྔོན་པོ་དང་། བུ་རམ་སྦྱར་བས་བདུག་པ་བྱས་ནས་བདག་ཉིད་རྒྱལ་པོའི་ཕོ་བྲང་དུ་སོང་ན་མཆོད་པ་ཆེན་པོ་ཐོབ་"
  },
  {
    "folio_uuid": "ecd57a31-7b03-48a6-88a1-8035a609a24b",
    "volume_number": 211,
    "folio_number": 288,
    "side": "b",
    "content": "ཅིང་བཙུན་མོ་རྣམས་ཀྱིས་དྲི་སྣོམ་པར་བྱེད་དོ། །བྱེའུ་ཁ་ཉྩ་རཱི་ཊའི་བྲུན་བླངས་ཏེ། སི་རི་སའི་ས་བོན་བྱུགས་པས་འཆི་བ་སེལ་ཏོ། །བྱ་རོག་གི་ལྕེ་དང་། ཤུ་དག་དང་། རུ་རྟ་དང་། པི་པི་ལིང་དང་། འབྲས་བུ་ཐུག་པོ་ཆེ་བདུན་དང་། བདག་ཉིད་ཀྱི་ཁུ་སྦྱར་ཏེ་གང་\nལ་བྱིན་པ་དེ་དབང་དུ་འགྱུར་རོ། །ཤུ་དག་དཀར་པོའི་རྩ་བ་དང་། གི་ཝང་ལྷན་ཅིག་བཏགས་ཏེ་དེའི་ཐིག་ལེ་བྱས་ནས་གང་ལ་བལྟས་པ་དེ་དབང་དུ་འགྱུར་རོ། དཎྜོ་ཏྤ་ལའི་རྩ་བ་དང་། སྦྲང་རྩི་ལྷན་ཅིག་བཏགས་ཏེ་རིལ་བུ་བྱས་ནས་གང་ལ་བྱིན་ནས་གང་ལས་རྩི་དང་ལྷན་ཅིག་བྱིན་པ་དེ་\nདབང་དུ་འགྱུར་རོ། །ཨོཾ་བཱ་ར་སྱ་མུ་ཁམ་དྲི་ཥྚཱ་བཱ་ལ་རྐས་མ་ཏེ་ཛ་སཱ། ཙ་ཏུ་རྠ་ཀ་མྨ་ཧཱ་གྷོར་མ་ཀྵི་པྲ་མེ་བ་བྲ་ཏ་སྱ་ཏི། སྔགས་འདི་གྲོ་གའི་འདབ་མ་ལ་བྲིས་ཏེ་ལག་པ་ལ་བཏགས་ན་རིམས་ཉིན་བཞི་པ་ཕྲལ་དུ་ཉམས་པར་བྱེད་དོ། །བཱ་གུ་ཛི་ཀའི་འབྲས་བུའི་ཕྱེ་མ་\nདར་བ་དང་ལྷན་ཅིག་བཏགས་ནས་དེ་དྲིལ་ཏེ། དར་བའི་ཟན་དང་། སྐྱུར་བ་ཐམས་ཅད་དང་ལྷན་ཅིག་ཟོས་ན་གཞང་འབྲུམ་དང་། རྐང་འབམ་དང་། འབྲུམ་ཕྲན་དང་། མཛེ་དང་། མཚན་བར་རྡོལ་བ་དང་དུག་རྣམས་སེལ་བར་བྱེད་དོ། །བཱ་གུ་ཛི་ཀའི་འབྲས་\nབུ་དར་བ་དང་ལྷན་ཅིག་བཏགས་ནས་དེ་དྲིལ་བས་མཛེ་ཐམས་ཅད་དང་། བིཙ་རྩི་་ཀ་ལ་སོགས་པ་སེལ་བར་བྱེད་དོ། །པཱ་གུ་ཛ་ག་བྲེ་གང་དང་། སེང་ལྡེང་ཞོ་གང་མཉམ་པར་བྱས་ཏེ། ཆུ་བྲེ་བརྒྱད་དང་བསྐོལ་བར་བྱའོ། །དེ་ནི་ཆ་ཕྱེད་ལུས་པ་ན་བཏུད་ས་ཏེ། བྱ་\nརོག་གི་ལྕེ་དང་། ཤུ་དག་དང་། རུ་རྟ་དང་། བིལྦིའི་འདབ་མ་དང་། གུར་གུམ་དང་། བདག་ཉིད་ཀྱི་ཁྲག་དང་མཉམ་པར་སྦྱར་བས་ཤིང་ཡང་དབང་དི་བྱེད་དོ། །ཨོ་པི་ཤཱ་ཙཱི་རཱུ་བེ་ཎཱ་ལིདྦ་ཡ་ཙུ་མྦ་ཡ། བྷ་གཾ་ས་ཉྩེ་ཡ་ཉ་སྭཱ་ཧཱ། སྔགས་ཀྱི་ཚིག་འདི་ཆུ་ཁྱོར་བ་གང་ལ་\nལན་ཉི་ཤུ་རྩ་གཅིག་བཟླས་ཏེ་ཉལ་བའི་དུས་སུ་རིག་མ་གང་གི་མིང་སྨོས་ནས་བཏབ་ན། ཞག་ཉི་ཤུ་རྩ་གཅིག་གིས་མིའི་དབང་པོའི་བཙན་མོ་ཡིན་ནའང་དབང་དུ་འགྱུར་ན་གཞན་ལྟ་ཅི་སྨོས། ཁྲག་སྐྲོད་པའི་རྩ་བ། ཀ་རྨར་ངྒའི་རྩ་བ་དང་སི་ཧྱའི་ལོ་མ་དང་།"
  },
  {
    "folio_uuid": "4357ba99-c141-473a-bb9e-85a7d2830d26",
    "volume_number": 211,
    "folio_number": 289,
    "side": "a",
    "content": "འདི་དག་མཉམ་པར་བྱས་རྐང་པའི་མཐིལ་ལ་བྱུགས་ན་ས་བོན་འཆིང་བར་བྱེད་དོ། །ཨ་རུ་ར་དང། ཞུ་མཁན་དང་། ལུང་ཐང་གི་འདབ་མ་དང་། དྷ་དུར་དང། ས་འབྲུའི་ཤུན་པ་དང་། ས་ཁ་སྱ་ན་དྒ་པྲ་མ་དོ་མཱ་ནཱཾ་ཏཱ་ཡེ་པཥྚི་ས་སི་ཁཾ་ཀ་\nརོ་ཏི། ཨོཾ་ར་ཙ་ཎཱི་མ་ཧཱར་དྞཱ་ཡ་སྭཱ་ཧཱ། སྔགས་འདིས་བདུན་དུ་མངོན་པར་བསྔགས་ནས་གོས་ལ་སོགས་པར་མདུད་པ་བྱས་ན་བྱ་བ་མ་ལུས་པ་འགྲུབ་པར་འགྱུར་རོ། ན་མ༔སཱ་ཀྵི༔ཀ་པཱ་ལ་མཱ་ལི་ཐཱ་ཧཱ། གཞན་ཡང་བྱི་ལའི་ཁྲག་བླངས་ནས། འཇམ་འབྲས་ཏིལ་\nམར་གྱིས་བསྒོས་ཏེ། པདྨའི་སྐུད་པས་སྡོང་བུ་བྱས་ནས་དབང་ཕྱུག་གི་མདུན་དུ་དུད་པ་འཆགས་པར་བྱས་ཏེ་མིག་ལ་བྱུགས་པ་ཙམ་གྱིས་མི་སྣང་བར་འགྱུར་རོ། ཨོཾ་ཙི་ཏི་ཧེ་ཧེ། སྔགས་འདིས་ཆུ་དཀྲུགས་ཏེ་མིག་བྱུགས་ན་ཐེ་ཚོམ་མེད་པར་གྲུབ་པར་འགྱུར་རོ། །\nབྱ་རོག་གི་ཁྲག་དང་། ཅེ་སྤྱང་གི་མཁྲིས་པ་དང་། འུག་པའི་རུས་པ་དང་། འདི་དག་ཆ་མཉམ་པའི་ཕྱེ་མ་ཞིབ་མོར་བྱས་ཏེ། རྒྱུར་སྐར་ནབས་སོལ་བཏགས་ཏེ། མིག་ལ་བྱུགས་ན་མི་སྣང་བར་འགྱུར་རོ། །སཱ་ལ་པ་རྞི་ལག་པ་ལ་བཅིངས་ནས། ས་མ་རེ་\nཀཱ་ཎྚ་ཟློག་པར་བྱེད་དོ། །ན་མ་ཤྩ་ཎྜ་བཛྲ་བཱ་ཎ་ཡེ་མ་ཧཱ་ཡ་ཀྵ་སེནཱ་པ་ཏ་ཡེ། ཏ་དྱ་ཐཱ། ཨོཾ་བཛྲ་ཧྲི་ཀྵཱི་སྥཊ། རིག་སྔགས་འདི་ལན་ཅིག་བརྗོད་ཅིང་། ཨོཾ་སཾ་ཙོ་རཾ་སྟཾ་བྷ་ཡ་སྭཱ་ཧཱ། ཀཱ་ལ་སི་མཱི་ཀའི་རྩ་བ་དང་། ག་བུར་དང་། པདྨ་གེ་སར་དང་། འདི་དག་ཆ་མཉམ་\nཔར་བྱས་ནས། ཆུ་དང་བཏགས་ཏེ་རིལ་བུ་བྱས་ནས་གྲིབ་མ་ལ་བསྐམས་ཏེ། རིལ་བུ་དེ་ལ་ཡང་དག་པར་རེག་པའི་སྐྱེས་བུའི་ལག་པ་གཡས་པར་པདྨ་འདབ་མ་བརྒྱད་པ་ཀུན་ནས་བྲིས་ཏེ། ལག་པ་དེས་བུད་མེད་ཀྱི་ལག་པ་གཡས་པ་བཟུང་ན་བུད་མེད་དེ་མོད་ལ་\nདབང་དུ་འགྱུར་རོ། །དྲི་བཟང་ཆེན་པོའི་རྩ་བ་རྐེད་ལ་བཅིངས་ན་ཁུ་བ་རེངས་པར་བྱེད་པའི་མཆོག་ཏུ་བསྟན་ནོ། །བ་རཱ་ཧ་ཀཱ་ནྟའི་རྩ་བ་ཆུ་དང་བཏགས་ཏེ་རྐང་པའི་མཐིལ་ལ་བྱུགས་ན་ཁུ་བ་རེངས་པར་བྱེད་དོ། །ནམཿསརྦ་སི་དྷ་བྷྱཿསིདྷེ་རྦྷ་བ་ཏྲ་མེ་སྭཱ་ཧཱ།"
  },
  {
    "folio_uuid": "5ddf27ea-e15a-4215-9ef7-666427b8c3c5",
    "volume_number": 211,
    "folio_number": 289,
    "side": "b",
    "content": "སྔགས་འདིས་མངོན་པར་བསྔགས་ཏེ། བ་བླ་དང་། ལྡོང་རོས་དང་། སྤང་སྤོས་དང་། རུ་རྟ་དང་། མུ་སྟ་ཀ་སྟེ་ཐམས་ཅད་གཅིག་ཏུ་ཆ་མཉམ་པར་བྱས་ནས། ཞིབ་ཏུ་བཏགས་ཏེ་བུད་མེད་ཀྱི་མགོ་ལ་བསྣུན་ན། མངག་གཞུག་ཏུ་འགྱུར་རོ། །ནམཿ\nཀྲིཥྞ་སརྦ་རཱ་ཡ་མ་ས་ཀཱ་ནཱཾ་ཀུ་ཎྜཾ་བམྡྷཱ་མི་སྭཱ་ཧཱ། ཇི་སྲིད་ཉི་མ་ཤར་གྱི་བར་དུ། ཨོཾ་ར་ཀྵ་ར་ཀྵ་ར་ཀྵ་སྭཱ་ཧཱ། སྔགས་འདིས་ཆུ་ཁྱོར་བ་གང་ལ་ལན་ཉི་ཤུ་རྩ་གཅིག་བཟླས་ཏེ། ཕྱོགས་བཞིར་གཏོར་ན། སྦྲང་བུ་རྣམས་སྐྲོད་པར་བྱེད་དོ། །ཀ་ར་བཱི་ར་དམར་པོའི་རྩ་བ་\nལན་བདུན་བསྔགས་ཏེ་བུད་མེད་ཀྱི་མདུན་དུ་གཏོར་ན་བུད་མེད་དེའི་མོད་ཁོ་ན་ལ་དབང་དུ་འགྱུར་རོ། །བྲ་ཧྨ་དཎཱི་དང་། ཤུ་དག་དང་། ལོ་མ་རྣམས་སྦྲང་དང་ལྷན་ཅིག་བཏགས་ནས་ལིངྒ་ལ་བྱུགས་ནས་འདོད་པ་བྱས་ན་བདག་པོ་གཞན་འདོད་པར་མི་བྱེད་དོ། །\nཔ་ཙ་ཀའི་མིག་བླངས་ནས་ཛཱ་ཧི་དང་སུནྡྷ་དང་ལྷན་ཅིག་གཅིག་ཏུ་བྱས་ནས་ཕྱེ་མ་དེས་མིག་སྨན་བྱས་ནས། སྐྱེས་བུ་དབང་དུ་འགྱུར་རོ། །བེ་ཙ་ཀའི་སྣུམ་བླངས་ནས་བའི་མར་དང་ལྷན་ཅིག་གཅིག་ཏུ་བྱས་ནས་དུད་པ་དབབ་པར་བྱའོ། །རིས་མིག་སྨན་བྱས་ནས་\nའབྱུང་བོ་དང་ཤ་ཟ་རྣམས་ཀྱི་དབུས་སུ་རྩེ་བར་བྱེད་དོ། །བེ་ཙ་ཀའི་སྙིང་བླངས་ནས་ཆང་དང་ལྷན་ཅིག་ལུས་ལ་བྱུགས་ནས་འདོད་པ་སྤྱད་ན་བུད་མེད་ཐམས་ཅད་སྐྱེས་པའི་དབང་དུ་འགྱུར་རོ། ཚངས་པའི་ཤིང་གི་རྩ་བ་ཁར་བཅུག་ན་ཁུ་བ་རེངས་པར་བྱེད་དོ། །\nལྒ་དང་། པི་པི་ལིང་དང་། ན་ལེ་ཤམ་དང་། རྒྱ་སྐྱེགས་དང་། ཟིར་དང་། ཟི་ར་ནག་པོ་དང་། ཤིང་ཀུན་དང་། སྒོག་པ་དང་། ལན་ཚ་དང་། འདབ་མ་དང་། ཀུ་ཊ་རྣམས་ཆང་དང་བཏགས་ཏེ། ཕྲ་ཧཱ་རོ་སྠི་ཏེ་ན། ཨ་ཤེ་ཥཱ་ཛི་རྞཱ་\nཏ་ནྷ་བཱ་ཤྭརྱ་རོ་བྱ༔། ཐམས་ཅད་ཉམས་པར་བྱེད་དོ། །གང་ཞིག་སུ་ཎྛི་བཅུ་གཉིས་འཐུངས། །བད་ཀན་ཚོགས་ནི་འཇོམས་བྱེད་ཅིང་། །རླུང་ཡང་ཉེ་བར་འདྲེན་པར་བྱེད། །ཨ་ཛི་རྞ་ཛིར་ས་རྱ་སུ་པཱི་ཧ་མ་ཥྚོ་ད་ཀ་ནི་སཾ། རང་དགའ་བ། ཨ་ཛ་མོ་ད་ཚ་བ་གསུམ། །"
  },
  {
    "folio_uuid": "0ae95010-75a0-4104-9be5-127fcfce318f",
    "volume_number": 211,
    "folio_number": 290,
    "side": "a",
    "content": "རྒྱམ་ཚ་ཟི་ར་རྣམ་གཉིས་དང་། །ཤིང་ཀུན་ཆ་བརྒྱད་མཉམ་པར་བཟུང་། །འདི་ཡི་ཕྱེ་མ་མར་སར་དང་། །སྐྱེ་བོ་གང་ཞིག་ཟ་བྱེད་པ། །རླུང་གི་ནད་ནི་སེལ་བར་བྱེད། །མཱུ་ལ་མ་ཡ་སྟུ་པུ་ན་བྷུ་བ་ཡ༔ བི་བ་ཏི་ཀྵི་ར་ཎ་བ་པྲ་ཏྱ་\nཙུ་རྞ་ནྟཱ་སྱ་གུ་ཌོ་སམ་ཧི་ཏ་བ་ཏོ་ཛཱི་རྞེ་ཡ་ཥྚ་སི་ན༔་ཧཱི་ནཱཾ་གོ་྅་པི་སཛཱ་ཡ་ཏོ྅་རྩི་ཏ་པཱི་ལཱཾ་ཧཾ་སེནྡྲ་ཀུ་ནྟཱ་པྲ་བྷྲཾ། མྲ་སོ་ནི་བརྔྷི་ར་ཥཱུ་བ་རྵ་བ་ཡ་སཱ་མུ་ཀྵོ་ཛ་རཱ་བྱཱ་དྷི་བྷི༔ཨ་རུ་ར་སྲང་གཅིག །བ་རུ་ར་སྲང་གཅིག །སྐྱུ་རུ་ར་སྲང་གཅིག །ཅི་ཏྲ་ཀཾ་སྲང་གསུམ།\nལྒ་སྲང་གཅིག །པི་པི་ལིང་སྲང་གཅིག། །ན་ལེ་ཤ་མ་སྲང་གཅིག། ནཱ་ག་གེ་སར་གྱི་ཕྱེ་མ་ཞོ་བཞི། ཕོ་བ་རིས་དཀར་པོ་ཞོ་དོ། །སྡིག་སྲིན་རྭ་ཞོ་དོ། །དུག་ཞོ་དོ། །འདི་དག་ཐམས་ཅད་ཕྱེ་མ་ཞི་བ་མོར་བྱས་ནས་བུ་རམ་སྲང་ལྔ་བཅུ་རྩ་ལྔ་དང་\nབསྲེས་ཏེ་གང་གིས་ཟོས་པ་དེ་མེ་སྟོབས་སུ་འགྱུར་རོ། །ཐོས་པ་འཛིན་པར་འགྱུར་རོ། །མཛེ་ནད་བཅོ་བརྒྱད་ཉམས་པར་འགྱུར་རོ། །ཐང་བྱེད་ཀྱི་ནད་དང་། གློ་དང་འབུགས་དང་། དེ་བཞིན་དུ། མཆིན་ནད་དང་། སྐྱ་རྦབ་དང་། འབྲས་\nདང་། རླུང་ནད་དང་། སྤྲུལ་དང་། སྲིན་བུ་ལཱུ་ཏ་དང་། དུག་ནད་སེལ་བར་བྱེད་དོ། །དེ་བཞིན་དུ་བརྟག་པ་དང་གཡོ་བ་འང་ངོ་། །སྟོབས་གླང་པོ་ཆེ་དང་མཉམ་པར་འགྱུར་རོ། །ཤུགས་རྟ་ལྟ་བུར་འགྱུར་རོ། །ཟླ་བ་གཅིག་གིས་མེར་འགྱུར་\nརོ། །རྣ་བ་ཕག་ལྟ་བུར་འགྱུར་རོ། །མིག་བྱ་རྒོད་ལྟ་བུར་འགྱུར་རོ། །འདི་ཐམས་ཅད་ཀྱིས་མི་འདྲེགས་པར་འགྱུར་རོ། །འཕགས་པ་རྒྱལ་མ་ཞེས་བྱ་བའི་རིལ་བུ་ཡོངས་སུ་རྫོགས་སོ།། །།ན"
  }
]