file_name,image_name,ocr_model_name,line_mode,class_threshold,k_factor,bbox_tolerance,merge_lines,tps_threshold,success,num_lines_detected,processing_time,quality_score,total_tokens,valid_tokens,invalid_tokens,ocr_text_hash,error
uchen_high_quality_,uchen_high_quality_ - page 1,Woodblock,line,0.7,2.0,2.5,True,0.5,True,1,5.412640333175659,0.0,11,0,11,9d1175e1c9cf3318,
uchen_high_quality_,uchen_high_quality_ - page 1,Woodblock,line,0.7,2.0,3.5,True,0.5,True,1,2.7386491298675537,60.0,10,6,4,87d8947573bb26a7,
uchen_high_quality_,uchen_high_quality_ - page 1,Woodblock,line,0.7,2.0,4.0,True,0.5,True,1,2.6436767578125,20.0,5,1,4,14abc69596ae3a92,
uchen_high_quality_,uchen_high_quality_ - page 1,Woodblock,line,0.7,2.0,5.0,True,0.5,True,1,2.4867446422576904,25.0,4,1,3,429d1e7ea0f55187,
uchen_high_quality_,uchen_high_quality_ - page 1,Woodblock,line,0.7,2.5,2.5,True,0.5,True,1,2.788760185241699,45.45,11,5,6,4ce463aca6853807,
uchen_high_quality_,uchen_high_quality_ - page 1,Woodblock,line,0.7,2.5,3.5,True,0.5,True,1,2.7782020568847656,60.0,10,6,4,87d8947573bb26a7,
uchen_high_quality_,uchen_high_quality_ - page 1,Woodblock,line,0.7,2.5,4.0,True,0.5,True,1,2.678675889968872,20.0,5,1,4,14abc69596ae3a92,
uchen_high_quality_,uchen_high_quality_ - page 1,Woodblock,line,0.7,2.5,5.0,True,0.5,True,1,2.602354049682617,50.0,4,2,2,5129436ce7ecd62b,
uchen_high_quality_,uchen_high_quality_ - page 1,Woodblock,line,0.7,3.0,2.5,True,0.5,True,1,2.6491758823394775,50.0,4,2,2,5129436ce7ecd62b,
uchen_high_quality_,uchen_high_quality_ - page 1,Woodblock,line,0.7,3.0,3.5,True,0.5,True,1,2.6602611541748047,50.0,4,2,2,5129436ce7ecd62b,
uchen_high_quality_,uchen_high_quality_ - page 1,Woodblock,line,0.7,3.0,4.0,True,0.5,True,1,2.815871000289917,50.0,4,2,2,5129436ce7ecd62b,
uchen_high_quality_,uchen_high_quality_ - page 1,Woodblock,line,0.7,3.0,5.0,True,0.5,True,1,2.828608751296997,50.0,4,2,2,5129436ce7ecd62b,
uchen_high_quality_,uchen_high_quality_ - page 1,Woodblock-Stacks,line,0.7,2.0,2.5,True,0.5,True,1,3.392613410949707,83.33,6,5,1,8785c55c1372bebd,
uchen_high_quality_,uchen_high_quality_ - page 1,Woodblock-Stacks,line,0.7,2.0,3.5,True,0.5,True,1,3.008507490158081,0.0,5,0,5,71a5d0f067526d8e,
uchen_high_quality_,uchen_high_quality_ - page 1,Woodblock-Stacks,line,0.7,2.0,4.0,True,0.5,True,1,2.8496286869049072,100.0,3,3,0,26da58a7704cda60,
uchen_high_quality_,uchen_high_quality_ - page 1,Woodblock-Stacks,line,0.7,2.0,5.0,True,0.5,True,1,2.832064628601074,25.0,4,1,3,bd9545ddca69588e,
uchen_high_quality_,uchen_high_quality_ - page 1,Woodblock-Stacks,line,0.7,2.5,2.5,True,0.5,True,1,3.1008989810943604,33.33,6,2,4,e6ab66dba897f894,
uchen_high_quality_,uchen_high_quality_ - page 1,Woodblock-Stacks,line,0.7,2.5,3.5,True,0.5,True,1,3.073638439178467,0.0,5,0,5,71a5d0f067526d8e,
uchen_high_quality_,uchen_high_quality_ - page 1,Woodblock-Stacks,line,0.7,2.5,4.0,True,0.5,True,1,2.9798407554626465,100.0,3,3,0,26da58a7704cda60,
uchen_high_quality_,uchen_high_quality_ - page 1,Woodblock-Stacks,line,0.7,2.5,5.0,True,0.5,True,1,2.8943052291870117,0.0,2,0,2,d992d7aa6fac1e91,
uchen_high_quality_,uchen_high_quality_ - page 1,Woodblock-Stacks,line,0.7,3.0,2.5,True,0.5,True,1,2.98241925239563,0.0,2,0,2,d992d7aa6fac1e91,
uchen_high_quality_,uchen_high_quality_ - page 1,Woodblock-Stacks,line,0.7,3.0,3.5,True,0.5,True,1,2.985271453857422,0.0,2,0,2,d992d7aa6fac1e91,
uchen_high_quality_,uchen_high_quality_ - page 1,Woodblock-Stacks,line,0.7,3.0,4.0,True,0.5,True,1,2.9502882957458496,0.0,2,0,2,d992d7aa6fac1e91,
uchen_high_quality_,uchen_high_quality_ - page 1,Woodblock-Stacks,line,0.7,3.0,5.0,True,0.5,True,1,2.9598588943481445,0.0,2,0,2,d992d7aa6fac1e91,
uchen_high_quality_,uchen_high_quality_ - page 1,Modern,line,0.7,2.0,2.5,True,0.5,True,1,3.1392946243286133,33.33,3,1,2,6b17020a7b42928c,
uchen_high_quality_,uchen_high_quality_ - page 1,Modern,line,0.7,2.0,3.5,True,0.5,True,1,2.8003242015838623,0.0,3,0,3,bb57032a435d289b,
uchen_high_quality_,uchen_high_quality_ - page 1,Modern,line,0.7,2.0,4.0,True,0.5,True,1,2.6638126373291016,33.33,3,1,2,9b682bff9c503936,
uchen_high_quality_,uchen_high_quality_ - page 1,Modern,line,0.7,2.0,5.0,True,0.5,True,1,2.5970897674560547,100.0,3,3,0,cef86af856f0831e,
uchen_high_quality_,uchen_high_quality_ - page 1,Modern,line,0.7,2.5,2.5,True,0.5,True,1,2.8938450813293457,0.0,2,0,2,b420e66fe612b306,
uchen_high_quality_,uchen_high_quality_ - page 1,Modern,line,0.7,2.5,3.5,True,0.5,True,1,2.786613702774048,0.0,3,0,3,bb57032a435d289b,
uchen_high_quality_,uchen_high_quality_ - page 1,Modern,line,0.7,2.5,4.0,True,0.5,True,1,2.755786180496216,33.33,3,1,2,9b682bff9c503936,
uchen_high_quality_,uchen_high_quality_ - page 1,Modern,line,0.7,2.5,5.0,True,0.5,True,1,2.6579384803771973,100.0,3,3,0,cef86af856f0831e,
uchen_high_quality_,uchen_high_quality_ - page 1,Modern,line,0.7,3.0,2.5,True,0.5,True,1,2.7704720497131348,100.0,3,3,0,cef86af856f0831e,
uchen_high_quality_,uchen_high_quality_ - page 1,Modern,line,0.7,3.0,3.5,True,0.5,True,1,2.767141103744507,100.0,3,3,0,cef86af856f0831e,
uchen_high_quality_,uchen_high_quality_ - page 1,Modern,line,0.7,3.0,4.0,True,0.5,True,1,2.8859918117523193,100.0,3,3,0,cef86af856f0831e,
uchen_high_quality_,uchen_high_quality_ - page 1,Modern,line,0.7,3.0,5.0,True,0.5,True,1,3.6956722736358643,100.0,3,3,0,cef86af856f0831e,
uchen_high_quality_,uchen_high_quality_ - page 2,Woodblock,line,0.7,2.0,2.5,True,0.5,True,5,3.30295991897583,78.46,130,102,28,b468aea1c882d65b,
uchen_high_quality_,uchen_high_quality_ - page 2,Woodblock,line,0.7,2.0,3.5,True,0.5,True,5,3.720323085784912,74.29,140,104,36,4264d6803686c2fa,
uchen_high_quality_,uchen_high_quality_ - page 2,Woodblock,line,0.7,2.0,4.0,True,0.5,True,5,4.453187942504883,66.22,148,98,50,25c08a32e19ac91f,
uchen_high_quality_,uchen_high_quality_ - page 2,Woodblock,line,0.7,2.0,5.0,True,0.5,True,5,13.685690879821777,32.84,67,22,45,a65f97f92f96ddcc,
uchen_high_quality_,uchen_high_quality_ - page 2,Woodblock,line,0.7,2.5,2.5,True,0.5,True,5,3.281280517578125,77.86,131,102,29,22a0641b7a440249,
uchen_high_quality_,uchen_high_quality_ - page 2,Woodblock,line,0.7,2.5,3.5,True,0.5,True,5,3.6166276931762695,74.29,140,104,36,4264d6803686c2fa,
uchen_high_quality_,uchen_high_quality_ - page 2,Woodblock,line,0.7,2.5,4.0,True,0.5,True,5,4.345395803451538,66.22,148,98,50,25c08a32e19ac91f,
uchen_high_quality_,uchen_high_quality_ - page 2,Woodblock,line,0.7,2.5,5.0,True,0.5,True,5,11.533661365509033,46.43,84,39,45,1750a05523ca213b,
uchen_high_quality_,uchen_high_quality_ - page 2,Woodblock,line,0.7,3.0,2.5,True,0.5,True,5,4.709681510925293,74.22,128,95,33,b61be189af5d304f,
uchen_high_quality_,uchen_high_quality_ - page 2,Woodblock,line,0.7,3.0,3.5,True,0.5,True,5,4.977518081665039,71.01,138,98,40,516165500734627f,
uchen_high_quality_,uchen_high_quality_ - page 2,Woodblock,line,0.7,3.0,4.0,True,0.5,True,5,6.187246322631836,63.01,146,92,54,22e8c7bd9986e986,
uchen_high_quality_,uchen_high_quality_ - page 2,Woodblock,line,0.7,3.0,5.0,True,0.5,True,5,11.75906777381897,46.43,84,39,45,1750a05523ca213b,
uchen_high_quality_,uchen_high_quality_ - page 2,Woodblock-Stacks,line,0.7,2.0,2.5,True,0.5,True,5,4.243276834487915,79.23,130,103,27,204d068572a60824,
uchen_high_quality_,uchen_high_quality_ - page 2,Woodblock-Stacks,line,0.7,2.0,3.5,True,0.5,True,5,4.444634437561035,80.3,132,106,26,767b2411237244d9,
uchen_high_quality_,uchen_high_quality_ - page 2,Woodblock-Stacks,line,0.7,2.0,4.0,True,0.5,True,5,4.890379428863525,72.93,133,97,36,584fc0343c21c0fa,
uchen_high_quality_,uchen_high_quality_ - page 2,Woodblock-Stacks,line,0.7,2.0,5.0,True,0.5,True,5,6.229984998703003,75.0,36,27,9,1c3fa909cd39939a,
uchen_high_quality_,uchen_high_quality_ - page 2,Woodblock-Stacks,line,0.7,2.5,2.5,True,0.5,True,5,4.38511061668396,78.46,130,102,28,910813d495fac3f6,
uchen_high_quality_,uchen_high_quality_ - page 2,Woodblock-Stacks,line,0.7,2.5,3.5,True,0.5,True,5,4.5394415855407715,80.3,132,106,26,767b2411237244d9,
uchen_high_quality_,uchen_high_quality_ - page 2,Woodblock-Stacks,line,0.7,2.5,4.0,True,0.5,True,5,5.009546756744385,72.93,133,97,36,584fc0343c21c0fa,
uchen_high_quality_,uchen_high_quality_ - page 2,Woodblock-Stacks,line,0.7,2.5,5.0,True,0.5,True,5,6.3678669929504395,66.67,36,24,12,9c5c000afae58d3e,
uchen_high_quality_,uchen_high_quality_ - page 2,Woodblock-Stacks,line,0.7,3.0,2.5,True,0.5,True,5,6.293964862823486,75.21,117,88,29,e40845e0e00b68d1,
uchen_high_quality_,uchen_high_quality_ - page 2,Woodblock-Stacks,line,0.7,3.0,3.5,True,0.5,True,5,6.723319053649902,77.31,119,92,27,62ced2e66345ef4f,
uchen_high_quality_,uchen_high_quality_ - page 2,Woodblock-Stacks,line,0.7,3.0,4.0,True,0.5,True,5,5.694806098937988,71.07,121,86,35,28315ea923c16431,
uchen_high_quality_,uchen_high_quality_ - page 2,Woodblock-Stacks,line,0.7,3.0,5.0,True,0.5,True,5,6.500440359115601,66.67,36,24,12,9c5c000afae58d3e,
uchen_high_quality_,uchen_high_quality_ - page 2,Modern,line,0.7,2.0,2.5,True,0.5,True,5,3.7658019065856934,58.82,119,70,49,80c41aa9e6818a4c,
uchen_high_quality_,uchen_high_quality_ - page 2,Modern,line,0.7,2.0,3.5,True,0.5,True,5,5.59045672416687,37.8,82,31,51,9e56cc2adc23ad48,
uchen_high_quality_,uchen_high_quality_ - page 2,Modern,line,0.7,2.0,4.0,True,0.5,True,5,6.504838943481445,42.11,57,24,33,82f476393d30e3e5,
uchen_high_quality_,uchen_high_quality_ - page 2,Modern,line,0.7,2.0,5.0,True,0.5,True,5,6.539857625961304,59.62,52,31,21,af88a8031bdf1538,
uchen_high_quality_,uchen_high_quality_ - page 2,Modern,line,0.7,2.5,2.5,True,0.5,True,5,4.069487571716309,56.14,114,64,50,017972737b7ab0d3,
uchen_high_quality_,uchen_high_quality_ - page 2,Modern,line,0.7,2.5,3.5,True,0.5,True,5,5.6251044273376465,37.8,82,31,51,9e56cc2adc23ad48,
uchen_high_quality_,uchen_high_quality_ - page 2,Modern,line,0.7,2.5,4.0,True,0.5,True,5,6.0500147342681885,42.11,57,24,33,82f476393d30e3e5,
uchen_high_quality_,uchen_high_quality_ - page 2,Modern,line,0.7,2.5,5.0,True,0.5,True,5,7.190376281738281,40.0,50,20,30,5e020b7723ac809b,
uchen_high_quality_,uchen_high_quality_ - page 2,Modern,line,0.7,3.0,2.5,True,0.5,True,5,4.8138227462768555,55.86,111,62,49,5ae91961e1055c71,
uchen_high_quality_,uchen_high_quality_ - page 2,Modern,line,0.7,3.0,3.5,True,0.5,True,5,6.265077114105225,38.27,81,31,50,da16cf3bdee9d875,
uchen_high_quality_,uchen_high_quality_ - page 2,Modern,line,0.7,3.0,4.0,True,0.5,True,5,8.657033443450928,46.03,63,29,34,a580f8210f02c2df,
uchen_high_quality_,uchen_high_quality_ - page 2,Modern,line,0.7,3.0,5.0,True,0.5,True,5,7.491706848144531,40.0,50,20,30,5e020b7723ac809b,
uchen_high_quality_,uchen_high_quality_ - page 3,Woodblock,line,0.7,2.0,2.5,True,0.5,True,6,3.781068801879883,78.1,242,189,53,eccc90b91f78d4af,
uchen_high_quality_,uchen_high_quality_ - page 3,Woodblock,line,0.7,2.0,3.5,True,0.5,True,6,3.5094919204711914,78.78,245,193,52,91579397645e421f,
uchen_high_quality_,uchen_high_quality_ - page 3,Woodblock,line,0.7,2.0,4.0,True,0.5,True,6,3.6347849369049072,74.0,250,185,65,9ba608007565e86f,
uchen_high_quality_,uchen_high_quality_ - page 3,Woodblock,line,0.7,2.0,5.0,True,0.5,True,6,15.243167877197266,58.15,270,157,113,cc2a38057cf680aa,
uchen_high_quality_,uchen_high_quality_ - page 3,Woodblock,line,0.7,2.5,2.5,True,0.5,True,6,3.764725685119629,78.1,242,189,53,8b05cfc3f17f27c2,
uchen_high_quality_,uchen_high_quality_ - page 3,Woodblock,line,0.7,2.5,3.5,True,0.5,True,6,3.613661050796509,78.78,245,193,52,91579397645e421f,
uchen_high_quality_,uchen_high_quality_ - page 3,Woodblock,line,0.7,2.5,4.0,True,0.5,True,6,3.793268918991089,74.0,250,185,65,9ba608007565e86f,
uchen_high_quality_,uchen_high_quality_ - page 3,Woodblock,line,0.7,2.5,5.0,True,0.5,True,6,11.228771209716797,62.82,277,174,103,1eae34a1ce44bdfc,
uchen_high_quality_,uchen_high_quality_ - page 3,Woodblock,line,0.7,3.0,2.5,True,0.5,True,6,6.234162330627441,74.39,246,183,63,4954810d3fe86733,
uchen_high_quality_,uchen_high_quality_ - page 3,Woodblock,line,0.7,3.0,3.5,True,0.5,True,6,4.938272714614868,74.7,249,186,63,1f3edb92cfb90bda,
uchen_high_quality_,uchen_high_quality_ - page 3,Woodblock,line,0.7,3.0,4.0,True,0.5,True,6,4.646214962005615,70.24,252,177,75,a862e288a60cd73c,
uchen_high_quality_,uchen_high_quality_ - page 3,Woodblock,line,0.7,3.0,5.0,True,0.5,True,6,11.488242864608765,62.82,277,174,103,1eae34a1ce44bdfc,
uchen_high_quality_,uchen_high_quality_ - page 3,Woodblock-Stacks,line,0.7,2.0,2.5,True,0.5,True,6,4.649744510650635,77.87,244,190,54,d8116b49920bd89c,
uchen_high_quality_,uchen_high_quality_ - page 3,Woodblock-Stacks,line,0.7,2.0,3.5,True,0.5,True,6,4.552096843719482,78.37,245,192,53,9b6ab0dd3acd9997,
uchen_high_quality_,uchen_high_quality_ - page 3,Woodblock-Stacks,line,0.7,2.0,4.0,True,0.5,True,6,4.663588047027588,78.37,245,192,53,15f872e55ba4e6d9,
uchen_high_quality_,uchen_high_quality_ - page 3,Woodblock-Stacks,line,0.7,2.0,5.0,True,0.5,True,6,9.099577188491821,70.39,179,126,53,e31a1190445f92ac,
uchen_high_quality_,uchen_high_quality_ - page 3,Woodblock-Stacks,line,0.7,2.5,2.5,True,0.5,True,6,6.7229743003845215,78.19,243,190,53,585f2dfb99fac81d,
uchen_high_quality_,uchen_high_quality_ - page 3,Woodblock-Stacks,line,0.7,2.5,3.5,True,0.5,True,6,4.66130256652832,78.37,245,192,53,9b6ab0dd3acd9997,
uchen_high_quality_,uchen_high_quality_ - page 3,Woodblock-Stacks,line,0.7,2.5,4.0,True,0.5,True,6,4.736121654510498,78.37,245,192,53,15f872e55ba4e6d9,
uchen_high_quality_,uchen_high_quality_ - page 3,Woodblock-Stacks,line,0.7,2.5,5.0,True,0.5,True,6,8.14304256439209,67.0,200,134,66,825d31c6f935ce83,
uchen_high_quality_,uchen_high_quality_ - page 3,Woodblock-Stacks,line,0.7,3.0,2.5,True,0.5,True,6,5.453219890594482,76.67,240,184,56,ab370194c3167e0b,
uchen_high_quality_,uchen_high_quality_ - page 3,Woodblock-Stacks,line,0.7,3.0,3.5,True,0.5,True,6,5.332008123397827,76.86,242,186,56,72c8155d35dfbd61,
uchen_high_quality_,uchen_high_quality_ - page 3,Woodblock-Stacks,line,0.7,3.0,4.0,True,0.5,True,6,5.378079891204834,76.86,242,186,56,9aa2596a0ffecb50,
uchen_high_quality_,uchen_high_quality_ - page 3,Woodblock-Stacks,line,0.7,3.0,5.0,True,0.5,True,6,8.75077486038208,67.0,200,134,66,825d31c6f935ce83,
uchen_high_quality_,uchen_high_quality_ - page 3,Modern,line,0.7,2.0,2.5,True,0.5,True,6,4.226365566253662,50.95,210,107,103,1abd9f4298f51d19,
uchen_high_quality_,uchen_high_quality_ - page 3,Modern,line,0.7,2.0,3.5,True,0.5,True,6,7.022175073623657,32.3,161,52,109,8eb2a17519c71726,
uchen_high_quality_,uchen_high_quality_ - page 3,Modern,line,0.7,2.0,4.0,True,0.5,True,6,8.035618305206299,38.61,158,61,97,1c616f46bdfe09b2,
uchen_high_quality_,uchen_high_quality_ - page 3,Modern,line,0.7,2.0,5.0,True,0.5,True,6,13.454025745391846,52.75,91,48,43,8c95b2a083ad7aa4,
uchen_high_quality_,uchen_high_quality_ - page 3,Modern,line,0.7,2.5,2.5,True,0.5,True,6,4.516384601593018,51.67,209,108,101,c2f6a1de0ded5412,
uchen_high_quality_,uchen_high_quality_ - page 3,Modern,line,0.7,2.5,3.5,True,0.5,True,6,6.808031320571899,32.3,161,52,109,8eb2a17519c71726,
uchen_high_quality_,uchen_high_quality_ - page 3,Modern,line,0.7,2.5,4.0,True,0.5,True,6,8.120634317398071,38.61,158,61,97,1c616f46bdfe09b2,
uchen_high_quality_,uchen_high_quality_ - page 3,Modern,line,0.7,2.5,5.0,True,0.5,True,6,13.748727321624756,51.58,95,49,46,f653880d95fe975c,
uchen_high_quality_,uchen_high_quality_ - page 3,Modern,line,0.7,3.0,2.5,True,0.5,True,6,5.424310207366943,53.77,199,107,92,d767ba0fd6ae8f3c,
uchen_high_quality_,uchen_high_quality_ - page 3,Modern,line,0.7,3.0,3.5,True,0.5,True,6,7.632486581802368,36.13,155,56,99,1fdca7f2bfe456f3,
uchen_high_quality_,uchen_high_quality_ - page 3,Modern,line,0.7,3.0,4.0,True,0.5,True,6,9.161751508712769,40.67,150,61,89,42c4b3a12e4ce5da,
uchen_high_quality_,uchen_high_quality_ - page 3,Modern,line,0.7,3.0,5.0,True,0.5,True,6,13.28588581085205,51.58,95,49,46,f653880d95fe975c,
